"rating_nums";"cors";"num_reviews"
2;0.38707480194281;56982
3;0.405347163315645;48331
4;0.41898127914078;41914
5;0.426337182710631;37181
6;0.428780883096904;33482
7;0.429831408621241;30347
8;0.421687236815503;27907
9;0.424405914249748;26021
10;0.422695152917248;24075
11;0.425436632517806;22559
12;0.418716116143724;21289
13;0.426764653576809;20183
14;0.417009940437845;19077
15;0.421254490565541;18164
16;0.405979542647655;17201
17;0.410535212579427;16478
18;0.40669869572359;15717
19;0.422742581018102;15080
20;0.413767396286845;14514
21;0.411901908531799;13943
22;0.396740530374744;13529
23;0.398461266123064;12999
24;0.401226289162346;12543
25;0.404853116317437;12175
26;0.3966337762607;11725
27;0.388416412859115;11412
28;0.394054790558942;10992
29;0.400761096072288;10682
30;0.393398304758027;10342
31;0.386966806449834;10192
32;0.416296656390494;9814
33;0.408030385936796;9559
34;0.413889602628675;9351
35;0.413842619227395;9170
36;0.390920313059744;8894
37;0.390278489642103;8712
38;0.412273267274458;8529
39;0.402676534720603;8236
40;0.393800291211664;8086
41;0.410428078852222;7861
42;0.407841878182547;7675
43;0.409444137795764;7577
44;0.389234612540942;7389
45;0.407882405216782;7192
46;0.392061143962684;7066
47;0.395092541982134;6878
48;0.389666813753;6775
49;0.39023938219107;6631
50;0.387088817873475;6497
51;0.382140792647637;6350
52;0.369928602262811;6260
53;0.394575411166129;6127
54;0.392778999601182;5974
55;0.402722122948994;5791
56;0.384473012702927;5754
57;0.393928826149895;5604
58;0.389665485669401;5526
59;0.387701439305175;5430
60;0.384148297654414;5375
61;0.376243915544188;5198
62;0.376472350058498;5140
63;0.399489433072652;5074
64;0.390228329261175;5003
65;0.366609420190725;4903
66;0.4080370947859;4833
67;0.393101086081201;4743
68;0.383439305332486;4652
69;0.3854676308479;4638
70;0.393283123616116;4512
71;0.365081375765117;4452
72;0.372297122086767;4387
73;0.393740297580375;4284
74;0.381732128994545;4194
75;0.403888527588091;4195
76;0.382836452579678;4123
77;0.371835367961309;4042
78;0.383043324526486;3954
79;0.411527936408911;3934
80;0.399014853539189;3906
81;0.380561172578599;3863
82;0.369132834556984;3752
83;0.383015533769785;3749
84;0.380888092872191;3671
85;0.389669763136039;3630
86;0.386189859239855;3585
87;0.379972229835037;3502
88;0.358984832065722;3532
89;0.386696144778303;3377
90;0.399007888282521;3418
91;0.378338258042474;3331
92;0.375962911660449;3305
93;0.333906445644697;3259
94;0.384587222846764;3233
95;0.387451979280763;3217
96;0.357449573275468;3131
97;0.375808938864756;3082
98;0.398529331098754;3128
99;0.382572919504741;3006
100;0.360637454019888;2969
101;0.357041458229995;2929
102;0.365573339851992;2892
103;0.376899648909266;2856
104;0.383383025178842;2789
105;0.375859359426065;2833
106;0.380922128381449;2739
107;0.373299337473915;2755
108;0.411794299330065;2737
109;0.370731881036465;2660
110;0.367336499477976;2692
111;0.389094351290646;2623
112;0.394349295557171;2600
113;0.388190373364028;2547
114;0.362681633814258;2530
115;0.387367518642698;2534
116;0.333020004745193;2503
117;0.371914204851148;2464
118;0.386824908850228;2389
119;0.398691753295004;2418
120;0.381502820901718;2367
121;0.365874414954217;2381
122;0.385058416895997;2316
123;0.350480128942261;2287
124;0.362728950548539;2298
125;0.361050367003825;2218
126;0.367025324911726;2240
127;0.365894518464087;2243
128;0.370169430163648;2150
129;0.34080258758907;2169
130;0.34971014025762;2151
131;0.362358565907637;2100
132;0.399751115132831;2051
133;0.35471950181705;2094
134;0.396295533073209;2036
135;0.423162586618138;2051
136;0.38970537629606;1988
137;0.405650805375414;1951
138;0.407127297792229;1946
139;0.357373226009174;1929
140;0.398405651081599;1926
141;0.408966413502654;1891
142;0.375851014451301;1821
143;0.407941327989887;1897
144;0.36117349213102;1861
145;0.400205779607597;1808
146;0.381613611028201;1824
147;0.398959236137313;1732
148;0.333441316344542;1775
149;0.36443479316541;1724
150;0.406157764616998;1747
151;0.398993579833247;1699
152;0.428080097175216;1728
153;0.386109398946626;1631
154;0.433080718057128;1672
155;0.371816996927409;1665
156;0.419963114005288;1626
157;0.385103268144581;1612
158;0.38555937948144;1561
159;0.410414975857401;1599
160;0.367122875420236;1561
161;0.369749555858675;1574
162;0.377209097679885;1514
163;0.366191516540568;1525
164;0.371368340415928;1495
165;0.396634541207701;1523
166;0.395590665436317;1490
167;0.405448676352694;1449
168;0.368856106063212;1454
169;0.421341553378424;1468
170;0.384896378793786;1455
171;0.349737979906979;1424
172;0.376567216107561;1400
173;0.39707287121596;1396
174;0.37539059668575;1402
175;0.353770323417103;1379
176;0.389953359705428;1379
177;0.385222713508461;1331
178;0.331839583248786;1356
179;0.352859039173183;1323
180;0.38497379092362;1353
181;0.403399103790408;1273
182;0.343178093521133;1296
183;0.379877665025854;1266
184;0.391171920494568;1285
185;0.381224036201074;1278
186;0.346428159551003;1254
187;0.408021691729892;1219
188;0.398618873407049;1202
189;0.411270338233626;1263
190;0.367198157637405;1200
191;0.411305747731448;1209
192;0.39303026332045;1190
193;0.358604607366956;1194
194;0.324687048252174;1151
195;0.331872237148666;1174
196;0.40098785286033;1133
197;0.395704734195367;1107
198;0.368148365055559;1144
199;0.371966289965326;1123
200;0.426180457766969;1148
201;0.389189033890651;1083
202;0.371948630145795;1098
203;0.397592069277214;1104
204;0.382666715742599;1070
205;0.418534098158391;1087
206;0.414487774559644;1078
207;0.393486144374823;1005
208;0.380507469343503;1074
209;0.364940157854557;1037
210;0.424619151382796;1056
211;0.398927675950563;1011
212;0.405219360909331;1017
213;0.400852648320049;1035
214;0.357003943582721;973
215;0.4215078971802;1023
216;0.338898573352276;1006
217;0.34662553184024;1010
218;0.39475380010431;1001
219;0.336424409467442;946
220;0.410657611313332;971
221;0.417773124103652;970
222;0.334575658857855;970
223;0.443041717571068;958
224;0.440142631704479;967
225;0.39941011892391;911
226;0.451155840170736;955
227;0.446390667351486;919
228;0.387781549473103;935
229;0.394363350395667;908
230;0.342428558590952;894
231;0.385346726557943;924
232;0.363154515778428;858
233;0.330721846403937;902
234;0.35730722626593;894
235;0.41056334339511;880
236;0.370207661460146;894
237;0.422699536601709;865
238;0.386783463312916;843
239;0.363484036655774;884
240;0.399679237449301;850
241;0.353019544710395;853
242;0.417966976232499;831
243;0.393713245157034;843
244;0.39932803110284;808
245;0.399066145260297;806
246;0.406512581409839;855
247;0.381581463179615;811
248;0.4595947252239;799
249;0.319651262251498;812
250;0.409179566794743;793
251;0.395668615723477;780
252;0.371080946864766;796
253;0.4399818624962;781
254;0.412586115230071;776
255;0.347759441149424;756
256;0.402472671216093;790
257;0.348883800617405;779
258;0.353404737309685;762
259;0.355076839509354;712
260;0.380809447528163;768
261;0.312466747491771;749
262;0.422681187308517;695
263;0.404648867128321;760
264;0.45272136419666;716
265;0.425582510973216;731
266;0.45815053762657;692
267;0.395294218036304;738
268;0.407675829411433;718
269;0.36402989794034;718
270;0.37151013729685;689
271;0.389846269727437;702
272;0.425417654575278;678
273;0.371610296411358;685
274;0.374631608740022;680
275;0.355842947813818;697
276;0.415137281557575;663
277;0.333830411537619;709
278;0.375155626130929;677
279;0.360588060468632;623
280;0.39998163802561;645
281;0.382418045486232;685
282;0.398412898828165;636
283;0.388655198979153;618
284;0.45287987256164;655
285;0.413512979621445;647
286;0.365197749824527;625
287;0.344617082421551;615
288;0.363870489163686;597
289;0.380583325060263;641
290;0.395829709309755;637
291;0.327887161472419;597
292;0.375420801203442;596
293;0.409658370323597;601
294;0.377903267710378;593
295;0.341857118382967;599
296;0.353996450299189;590
297;0.396407574825548;582
298;0.401553623281316;589
299;0.385718404158672;566
300;0.415629618073251;575
301;0.354837118895237;575
302;0.366434284399333;576
303;0.322591152649387;563
304;0.414926511543295;575
305;0.378102079190676;565
306;0.384875492389947;545
307;0.361403969912471;566
308;0.430561169855482;549
309;0.426842373636959;552
310;0.305590660483248;529
311;0.347577247209733;542
312;0.403567319415453;548
313;0.416644785163835;541
314;0.401398481943311;522
315;0.323053442982901;508
316;0.351885110613415;550
317;0.385443381867825;499
318;0.396746548569704;511
319;0.381155930468705;525
320;0.340285496042988;501
321;0.360087267961938;505
322;0.368702201045392;465
323;0.347007061681475;531
324;0.386369473211074;513
325;0.376199167399693;480
326;0.348884658953661;479
327;0.291834049115635;488
328;0.394684766915838;491
329;0.396256743384023;511
330;0.411393141271816;474
331;0.373922526678918;467
332;0.398947965762293;463
333;0.401284695006772;491
334;0.433612709199261;444
335;0.417931741076778;496
336;0.399565891497523;474
337;0.40763978293271;427
338;0.329946157412601;478
339;0.294539505716931;476
340;0.344220888875485;454
341;0.334570038733545;440
342;0.344997043853555;461
343;0.31176724393426;444
344;0.411251177387883;452
345;0.31417290420619;445
346;0.343543246619642;460
347;0.414639614318686;442
348;0.387222032105336;407
349;0.408470347456598;458
350;0.453685563697248;437
351;0.45941640259448;420
352;0.388173034983092;427
353;0.418517095415306;420
354;0.359614163765329;441
355;0.379917782312231;429
356;0.37338686861339;423
357;0.322852911981928;421
358;0.418725981670351;422
359;0.402676615502986;418
360;0.362984617338021;406
361;0.355153915486891;402
362;0.390394560376906;440
363;0.479784990630551;423
364;0.412162096502848;388
365;0.413002864697464;407
366;0.485650802443904;365
367;0.391619126723862;422
368;0.308847239450648;400
369;0.379145006219379;404
370;0.357859325070699;398
371;0.321525954615322;385
372;0.338483792218993;385
373;0.410586122768145;406
374;0.328145558823504;370
375;0.409800450851542;393
376;0.405266676186822;394
377;0.460549013967969;383
378;0.395883991499313;377
379;0.422919913344809;381
380;0.395331650216912;392
381;0.344220739517652;397
382;0.441891146135758;359
383;0.441756452420809;382
384;0.434596082873197;362
385;0.358005652159198;369
386;0.390195965281238;380
387;0.336874334432313;378
388;0.32347050500492;363
389;0.410961569914319;370
390;0.402633042835368;368
391;0.334496232408941;370
392;0.374054371699752;346
393;0.465834798467958;365
394;0.396621835662631;389
395;0.380898098882827;337
396;0.320941518662545;359
397;0.420719632055615;340
398;0.357906701892233;362
399;0.336283498024911;357
400;0.312779472316973;355
401;0.467078990481336;346
402;0.246738002544288;361
403;0.327464962757517;323
404;0.391838133773362;368
405;0.424166890778361;342
406;0.395464446163094;347
407;0.383543059900243;329
408;0.383096669468928;348
409;0.399383931887121;324
410;0.3533498620142;361
411;0.456685899321984;324
412;0.334706714139578;357
413;0.391589610311431;312
414;0.414259662455952;355
415;0.348560658142641;326
416;0.377757581451995;330
417;0.338918327682208;315
418;0.359029155694775;331
419;0.344453537336736;322
420;0.307296161865043;323
421;0.455140221080591;341
422;0.439140769775371;334
423;0.369534384199658;320
424;0.374505984925113;296
425;0.419020765339802;355
426;0.337862496262323;315
427;0.434611026205586;304
428;0.28145487629674;328
429;0.385274630362654;308
430;0.451739205478241;311
431;0.371011126544057;302
432;0.250948847643693;323
433;0.490783736288054;316
434;0.407619203487986;298
435;0.395854465590582;316
436;0.427430747754613;308
437;0.393082855539997;317
438;0.414488853167107;296
439;0.46434801511489;318
440;0.337088367211186;273
441;0.366427706152102;296
442;0.442252873714006;312
443;0.385839600630114;292
444;0.444715992408422;292
445;0.326731295368047;308
446;0.353732187689047;272
447;0.391014929713622;269
448;0.458774545530193;292
449;0.440227563892009;287
450;0.417053308736857;300
451;0.326097544526605;261
452;0.403003030456516;273
453;0.32728444811093;286
454;0.382576736561296;284
455;0.393638559839385;270
456;0.44565005539494;299
457;0.389582654642382;277
458;0.331576034459657;252
459;0.375745806963156;271
460;0.37359459812207;280
461;0.46297764399699;272
462;0.414664337270585;258
463;0.320086194432188;279
464;0.456772246032444;253
465;0.352793600804909;271
466;0.404761388901483;263
467;0.2292654043925;249
468;0.354585780112229;268
469;0.428463267409788;261
470;0.342783932689225;269
471;0.441639032204662;239
472;0.201495371815377;255
473;0.413716662030663;263
474;0.408839597034805;238
475;0.439324808743042;258
476;0.418654281937343;261
477;0.456731621891547;264
478;0.357093559823957;250
479;0.419412680343923;242
480;0.456007961486817;236
481;0.51234779202879;253
482;0.425994949945054;242
483;0.50301408567162;250
484;0.377911449544699;242
485;0.427268545204204;256
486;0.371270257786522;227
487;0.42504160774534;258
488;0.429352412714934;234
489;0.413007344940653;259
490;0.303776957889134;241
491;0.395361640887793;251
492;0.24479419392358;237
493;0.414464393605187;229
494;0.383256002343543;237
495;0.35564847464604;245
496;0.361201640454849;227
497;0.292212812660002;253
498;0.479623918911746;252
499;0.384249941992983;218
500;0.287520666279928;245
501;0.286001459450961;239
502;0.347976507088449;238
503;0.398307851672172;243
504;0.409619209171591;217
505;0.475108854221813;233
506;0.456884744291975;227
507;0.373507829726291;244
508;0.303151147497281;228
509;0.489438609580896;221
510;0.389885685845522;231
511;0.406303248723944;234
512;0.489402470724266;228
513;0.458149671590343;232
514;0.430260044020182;219
515;0.321622940295521;226
516;0.489797104118004;233
517;0.476114354964754;216
518;0.457739962472334;220
519;0.473269900427254;225
520;0.494528903098887;228
521;0.376313101259785;216
522;0.419267629930014;241
523;0.402580181373661;213
524;0.426511834355287;217
525;0.385345110893617;232
526;0.415597535204596;212
527;0.391297979436995;218
528;0.430283069407284;233
529;0.464408994563334;219
530;0.42784739591282;211
531;0.450372801051411;213
532;0.472092601947797;221
533;0.497618089339388;217
534;0.472166508265864;208
535;0.428585940361709;213
536;0.422456294454311;222
537;0.438066109851471;200
538;0.423041153166123;211
539;0.457807827316905;219
540;0.452503984948255;195
541;0.406632121573989;215
542;0.471733939515425;214
543;0.442114171919382;194
544;0.465877588378547;203
545;0.358017574038715;202
546;0.463628877656772;213
547;0.294155697748503;212
548;0.311452552599495;208
549;0.317597255567938;223
550;0.446377215159811;177
551;0.384940568148059;209
552;0.417408504274659;201
553;0.376528245527669;205
554;0.340135115709095;202
555;0.386466531884362;197
556;0.41249047617694;198
557;0.440395520733716;198
558;0.52237723201527;206
559;0.521027205882932;203
560;0.347893206802098;202
561;0.317992644028374;185
562;0.458346649612497;193
563;0.335242487343738;196
564;0.325288736869409;218
565;0.325162060798009;195
566;0.350000074115205;178
567;0.399016346952817;196
568;0.409026126302216;205
569;0.447276684516494;192
570;0.453541167790744;208
571;0.516312697603756;182
572;0.320070851588964;204
573;0.391270738058373;179
574;0.512290388869701;176
575;0.410153573337135;213
576;0.293215247601546;193
577;0.380489154741571;197
578;0.399261110714317;174
579;0.438457646952091;196
580;0.392759922049767;182
581;0.33880567870437;193
582;0.47413468639462;170
583;0.48187086782565;206
584;0.549976717455086;174
585;0.297641225655506;202
586;0.44391083056419;184
587;0.412908739142616;180
588;0.489358210618965;173
589;0.370004766140041;189
590;0.424079914663397;189
591;0.295380369654052;189
592;0.505828536521253;180
593;0.431168402544692;185
594;0.342065583484636;177
595;0.456967879440027;174
596;0.393156491988947;175
597;0.520485766108734;183
598;0.370507946563254;180
599;0.417061779050303;177
600;0.450219628201989;181
601;0.510959630262738;175
602;0.40517090262739;182
603;0.354475497101132;193
604;0.371304542616947;163
605;0.267584255362136;177
606;0.507368623251241;175
607;0.502805804041355;177
608;0.3880832384453;161
609;0.347394720510497;175
610;0.488935160339216;181
611;0.302941177269472;173
612;0.436086776012253;172
613;0.442521340487293;168
614;0.346938872921015;176
615;0.368771778403723;183
616;0.57767844985724;177
617;0.429086810015613;178
618;0.447407751520917;151
619;0.318197282380873;163
620;0.223003192450357;174
621;0.435107772245241;177
622;0.368383346725043;163
623;0.405760404513089;161
624;0.338653758044428;163
625;0.493950349528782;182
626;0.242902720241053;173
627;0.412661347919191;165
628;0.271291993859487;165
629;0.381228069618674;158
630;0.412046825988319;178
631;0.300281744316212;165
632;0.486094838706272;156
633;0.387956347871609;167
634;0.517155257961608;169
635;0.312828510853313;160
636;0.373996943151626;164
637;0.392174827207214;170
638;0.287014899181437;151
639;0.427489070604879;153
640;0.416447179303858;176
641;0.31624216508852;153
642;0.495259676912799;142
643;0.334287092117977;170
644;0.358210960340304;159
645;0.369079944852352;157
646;0.401977577826251;148
647;0.410013230790879;148
648;0.349309953738349;162
649;0.293745035746076;166
650;0.451200917795303;173
651;0.311215466580629;146
652;0.353685444102173;151
653;0.321634494967458;156
654;0.509714710895756;189
655;0.36527179098329;121
656;0.467701571791025;140
657;0.439568795749285;172
658;0.412012155264374;157
659;0.420247203061075;135
660;0.359370838438177;176
661;0.426425351860372;143
662;0.376326595620157;148
663;0.461798262266332;151
664;0.490174551449966;143
665;0.326253796652282;145
666;0.403824836595089;156
667;0.369026626446134;160
668;0.481584989064466;124
669;0.418293617258645;144
670;0.337947900095227;154
671;0.402772027496694;144
672;0.405509187690599;154
673;0.334277915567184;145
674;0.390279349036012;145
675;0.410451781021138;146
676;0.493741471163267;149
677;0.533152381099646;140
678;0.313883884388261;151
679;0.342607527641882;139
680;0.177256399578145;128
681;0.397616088886198;141
682;0.439157640082737;155
683;0.347773747061589;120
684;0.337340037888669;145
685;0.481255350251719;140
686;0.437163134692144;143
687;0.37305254166612;138
688;0.527800289193067;137
689;0.432783305565545;133
690;0.538379096568349;132
691;0.375635423036422;152
692;0.416049747612023;138
693;0.427968966151182;137
694;0.351767853484068;132
695;0.290018888376058;136
696;0.434883843279415;146
697;0.372207919500104;123
698;0.422418249116609;130
699;0.505496641152265;130
700;0.440917406869439;149
701;0.381079774774019;126
702;0.457731716636633;130
703;0.402563375420203;139
704;0.400017258155146;127
705;0.362298311974109;136
706;0.361264577363015;136
707;0.288655565497091;122
708;0.470260917190571;136
709;0.302024679549958;132
710;0.519773921604308;132
711;0.43573225354926;123
712;0.439316116128271;140
713;0.344805903395912;115
714;0.391534493063133;137
715;0.484308182989852;112
716;0.45010422983753;133
717;0.40422968738334;126
718;0.502043455248333;132
719;0.485623204961161;132
720;0.452611100115134;130
721;0.534580345102273;125
722;0.425075917954873;106
723;0.367169629991936;146
724;0.417381431006748;114
725;0.428210221289304;115
726;0.344798504935117;119
727;0.453737202071112;119
728;0.429613614242534;132
729;0.339862401187472;134
730;0.286801629296347;106
731;0.324505409077133;121
732;0.388649228233725;111
733;0.264533686225714;123
734;0.401905225420943;123
735;0.364190912151472;125
736;0.262921619109418;107
737;0.375140427207519;130
738;0.442252919137423;103
739;0.420869493054045;120
740;0.491607228310826;120
741;0.383182622170752;126
742;0.34925515028639;113
743;0.377769569708723;124
744;0.389083343280935;109
745;0.292965674627168;118
746;0.256430389299803;110
747;0.27890107601951;132
748;0.452083265037547;116
749;0.417161031802581;120
750;0.51883720308842;107
751;0.466635053078285;122
752;0.501271575126044;92
753;0.443559057749105;128
754;0.374363930917244;115
755;0.349411776247725;115
756;0.38989557247355;120
757;0.526073051220968;93
758;0.431484792618081;131
759;0.477447408989264;114
760;0.382587889957764;97
761;0.400848666000075;114
762;0.438573670476123;114
763;0.326377792868083;100
764;0.361894057452419;119
765;0.437436382759487;120
766;0.523718991472665;93
767;0.517172581093044;101
768;0.449545427591518;137
769;0.46439725583182;104
770;0.310402283090763;107
771;0.492195836212559;90
772;0.40760252112188;119
773;0.438101994877182;122
774;0.543052184461751;106
775;0.36591219173582;116
776;0.415853769843947;96
777;0.377917383565904;90
778;0.465877274626044;115
779;0.346846634920069;127
780;0.306438443731192;106
781;0.157225636368352;108
782;0.422487626022455;90
783;0.400043178213016;102
784;0.374008753071605;115
785;0.384131986381116;113
786;0.502190326465497;115
787;0.382804616382528;90
788;0.450918622850646;109
789;0.421238439561772;104
790;0.470609545335281;113
791;0.553036414294907;99
792;0.464812614689023;115
793;0.395765815979567;107
794;0.470024839723533;93
795;0.254707539041924;101
796;0.402842758205469;126
797;0.436379143479564;108
798;0.32118096067149;91
799;0.402535245649543;102
800;0.297871432315125;111
801;0.450594038203653;102
802;0.508339693920017;96
803;0.515227469883972;97
804;0.546086271240653;97
805;0.336835901654953;112
806;0.378739409286192;103
807;0.328178391749629;104
808;0.342285831172197;90
809;0.533467174083602;101
810;0.423062413190124;114
811;0.370935345904364;91
812;0.453487955226775;97
813;0.378726668462989;92
814;0.446566454755463;92
815;0.454904548542;114
816;0.127988095634143;105
817;0.439455728116567;89
818;0.325689918216033;98
819;0.335587967412535;113
820;0.32122849728308;105
821;0.346116214417522;86
822;0.286882984538093;87
823;0.380334728663307;110
824;0.507554608624039;100
825;0.388514938145839;106
826;0.412021035686672;88
827;0.415085757007253;101
828;0.517417617264805;102
829;0.563552293614313;96
830;0.495691526398883;93
831;0.562580409004682;79
832;0.266116005076426;114
833;0.370130832825552;101
834;0.190820687025756;88
835;0.327806012911925;100
836;0.273452518492132;97
837;0.502934878941672;98
838;0.288812313581137;100
839;0.264912965089694;76
840;0.371952048868722;93
841;0.311841340837698;102
842;0.354776079741571;85
843;0.463168428814803;108
844;0.376906113132194;92
845;0.327000991841689;95
846;0.334398521855935;79
847;0.371951790296946;97
848;0.513430608535575;86
849;0.306767613289391;99
850;0.433647209730407;87
851;0.411568396156467;88
852;0.597310253403198;81
853;0.362389044924435;111
854;0.483895871511964;91
855;0.449246749563097;87
856;0.195700594411314;89
857;0.456335540777328;83
858;0.440410410752049;90
859;0.34243038610795;95
860;0.333763148564968;91
861;0.329194063886066;84
862;0.480234305976774;101
863;0.610415347738726;73
864;0.302290305660808;86
865;0.266063670992077;97
866;0.378891147586305;85
867;0.410477528552741;83
868;0.293143658799159;91
869;0.336403010365234;80
870;0.382829386994091;88
871;0.325823225243574;83
872;0.343763485453031;88
873;0.383051148100953;89
874;0.319245787935864;81
875;0.416173118928154;91
876;0.421080499800391;88
877;0.363039196903537;82
878;0.456807796354581;81
879;0.477813190504147;94
880;0.425191580938783;70
881;0.251510040285677;82
882;0.382822327085037;90
883;0.367230068225775;89
884;0.266624910674182;84
885;0.53990659692631;70
886;0.37367348375068;95
887;0.553947711791214;79
888;0.35143749196436;85
889;0.312109377318492;86
890;0.391551900437734;99
891;0.499856806378648;77
892;0.435245390364053;65
893;0.437310703661794;95
894;0.495781419303826;82
895;0.57519736174381;83
896;0.360405733290342;98
897;0.42499405230276;72
898;0.280676962407975;73
899;0.337036039694312;88
900;0.305285215406204;93
901;0.53357193707464;70
902;0.254614396451446;80
903;0.401673654815083;90
904;0.339395666878401;68
905;0.506993082900553;83
906;0.549020333067917;91
907;0.291415978806956;80
908;0.477294890816703;76
909;0.107527283992325;92
910;0.360016032931428;91
911;0.428168176712665;71
912;0.552044688656736;82
913;0.451509109975193;80
914;0.294321281464869;78
915;0.486299682950669;84
916;0.156504329999663;65
917;0.435956197095891;83
918;0.348351638451175;98
919;0.468548602394508;64
920;0.471269545987218;94
921;0.593918261575201;66
922;0.303105041287982;78
923;0.344306235736172;94
924;0.370739765645585;75
925;0.473546595645139;72
926;0.313211167993409;85
927;0.326435422327873;82
928;0.430543573832615;70
929;0.277465264689024;80
930;0.385826914879643;71
931;0.281491684042835;79
932;0.339151641266765;71
933;0.485977454657467;74
934;0.373285885936695;84
935;0.327820178270983;82
936;0.34718319304245;76
937;0.399631721702891;71
938;0.288366471232443;81
939;0.399329137241444;75
940;0.356695138617168;64
941;0.318495074268144;67
942;0.436320314917274;84
943;0.4899847695169;65
944;0.34959672104269;77
945;0.256546715637907;66
946;0.327141378452305;68
947;0.322143729604469;84
948;0.364077391708858;68
949;0.438614869728675;81
950;0.629930672765448;55
951;0.437389832897967;67
952;0.298299875569943;78
953;0.412988804238272;60
954;0.103029761277332;65
955;0.435271622759047;72
956;0.425688901474287;66
957;0.317580336342672;85
958;0.196251116501274;59
959;0.440706589119175;82
960;0.425398655702614;74
961;0.161103794824517;58
962;0.442425289068982;72
963;0.297072379453977;74
964;0.459605086624866;64
965;0.378774047842408;80
966;0.342569909735055;63
967;0.382437980361812;61
968;0.184500568211616;74
969;0.176477710854952;57
970;0.609431847411131;71
971;0.167584744129523;76
972;0.229945205084651;65
973;0.458918518439937;53
974;0.562593120105098;72
975;0.19958801206688;60
976;0.406542814454962;74
977;0.387630750168306;71
978;0.232275044422016;54
979;0.337136301064948;79
980;0.501711547230509;65
981;0.356703380888214;62
982;0.406476774743497;69
983;0.467574548480478;56
984;0.422228793534276;81
985;0.568536708738799;56
986;0.340652867371494;61
987;0.279173609534736;69
988;0.411576596751192;69
989;0.378922786940431;64
990;0.368242740799565;69
991;0.344338229157706;60
992;0.473346805523165;59
993;0.407054492137815;59
994;0.353159736438223;82
995;0.318665461414058;65
996;0.233562211778339;46
997;0.274588911350711;74
998;0.222336012882855;54
999;0.416544280162907;69
1000;0.337883129360614;62
1001;0.518734294838002;64
1002;0.213421695643894;63
1003;0.427099433433777;66
1004;0.320582438445945;61
1005;0.493507622719316;68
1006;0.422050229795663;61
1007;0.423590845589152;54
1008;0.386826580854779;76
1009;0.330716473468783;51
1010;0.441322625627964;75
1011;0.352969930415657;57
1012;0.481877448843907;73
1013;0.312772503411484;80
1014;0.419043491976947;53
1015;0.223400187496895;54
1016;0.435482018955739;59
1017;0.390086819598938;73
1018;0.106641675960379;61
1019;0.191220703837213;51
1020;0.440852520206019;74
1021;0.558471650163898;62
1022;0.29710442041155;73
1023;0.66035738651211;51
1024;0.394486930611047;63
1025;0.279813426665882;60
1026;0.230518418748139;63
1027;0.185490388480112;68
1028;0.530486136270322;65
1029;0.331424466624799;66
1030;0.242831223429443;55
1031;0.464714781329004;61
1032;0.36720743512609;64
1033;0.545790046224603;57
1034;0.365729556208372;70
1035;0.447143511617182;66
1036;0.154963803222689;66
1037;0.359005264776685;51
1038;0.226566530977991;56
1039;0.42148148930727;61
1040;0.289286054224164;67
1041;0.321228322898597;67
1042;0.260674799856824;60
1043;0.496891060729436;58
1044;0.201575828702718;57
1045;0.365659943883734;64
1046;0.277117040622;67
1047;0.328393617281684;78
1048;0.432535209546794;47
1049;0.386154637803928;65
1050;0.41143045959884;58
1051;0.417730684551392;60
1052;0.493536538265356;65
1053;0.378657103497439;60
1054;0.395748472472323;59
1055;0.498656856029766;53
1056;0.385768718845504;86
1057;0.466926962078345;46
1058;0.231744731653616;58
1059;0.379111374866509;60
1060;0.619252807592016;46
1061;0.133118636158272;61
1062;0.338263643557099;56
1063;0.45157562019079;60
1064;0.380128496572212;54
1065;0.361340515463193;63
1066;0.51048120824149;58
1067;0.279896653359873;68
1068;0.460507251028296;50
1069;0.420824473443302;62
1070;0.268010594538261;48
1071;0.558262933407023;59
1072;0.411231764874077;62
1073;0.392113380639569;54
1074;0.421701778280688;68
1075;0.302950767452898;51
1076;0.606793248621235;61
1077;0.176189532857738;50
1078;0.388814501884512;63
1079;0.174679101327167;61
1080;0.503228752963522;59
1081;0.306721088889745;56
1082;0.386157500559589;52
1083;0.294228778159259;52
1084;0.253924410070989;74
1085;0.226230364412981;62
1086;0.334004197434647;58
1087;0.443127702907226;48
1088;0.554122862303859;64
1089;0.409496465671872;59
1090;0.299853664747987;58
1091;0.379785225775964;69
1092;0.422396419748849;32
1093;0.542615558388305;64
1094;0.497616977811287;54
1095;0.348591559451138;66
1096;0.538792659714416;49
1097;0.410240544989777;65
1098;0.432230365191876;55
1099;0.333068788552391;49
1100;0.462136612860851;51
1101;0.275277101590873;64
1102;0.522521791393283;60
1103;0.455941714890595;49
1104;0.522822971194536;52
1105;0.421193687160419;60
1106;0.483333408704184;73
1107;0.410275112742688;42
1108;0.605444212657882;58
1109;0.142711031127113;49
1110;0.352805900992397;66
1111;0.404991967587839;46
1112;0.353657645848771;63
1113;0.564112074613624;58
1114;0.263899156023207;53
1115;0.585799474901306;56
1116;0.493982516837763;48
1117;0.105588236456562;49
1118;0.352195544147345;55
1119;0.320832524249987;54
1120;0.523105312810589;50
1121;0.524858265479285;58
1122;0.384994852424417;53
1123;0.34598200988829;49
1124;0.315380600668253;58
1125;0.487273446485111;58
1126;0.334838910472026;59
1127;0.221337618381813;36
1128;0.363704153053096;51
1129;0.498971704053942;56
1130;0.287089341324827;51
1131;0.493134581918073;52
1132;0.379331239378164;45
1133;0.152572212657836;54
1134;0.247906933702181;56
1135;0.319753083320258;64
1136;0.323664066376563;56
1137;0.365820858315362;41
1138;0.514409149683783;68
1139;0.514001691004958;55
1140;0.530198209708525;39
1141;0.221573746548811;52
1142;0.320164253702373;71
1143;0.369918384030093;39
1144;0.260183950160178;45
1145;0.272079902907025;58
1146;0.353610784082214;45
1147;0.15726719124611;45
1148;0.442096023557661;65
1149;0.417378848404919;54
1150;0.277101245243122;46
1151;0.349316786492844;56
1152;0.440315440760764;45
1153;0.59263034661075;48
1154;0.507494745596721;49
1155;0.419960866705811;58
1156;0.382225358964701;43
1157;0.293736208122236;46
1158;0.479693099883592;58
1159;0.37697622621869;51
1160;0.276310780286903;54
1161;0.442725366169662;36
1162;0.160642244675922;55
1163;0.380911893712031;60
1164;0.33745663489;53
1165;0.114350305304998;35
1166;0.427800901877767;38
1167;0.23110184561048;66
1168;0.548188304127767;48
1169;0.164893103469375;46
1170;0.297812118005547;53
1171;0.479146671008571;57
1172;0.112577105340594;49
1173;0.406936106431389;48
1174;0.271630116751073;46
1175;0.309808690039295;54
1176;0.422295212299061;38
1177;0.263776959213796;60
1178;0.309982703284317;44
1179;0.303166259212435;53
1180;0.658457310219333;40
1181;0.490106383176472;52
1182;0.302912439287362;45
1183;0.303664402993962;50
1184;0.343797800564517;47
1185;0.301591859418111;49
1186;0.350683404189584;61
1187;0.343256037410312;53
1188;0.168569614553768;38
1189;0.312228303382827;44
1190;0.0457319121133149;53
1191;0.251580694566158;51
1192;0.364109007354927;33
1193;0.394583233570961;58
1194;0.299275486417687;42
1195;0.282067236977136;47
1196;0.27797436256073;58
1197;0.381121015542548;51
1198;0.168222085875811;44
1199;0.353351941176105;38
1200;0.354420188465339;46
1201;0.529457038963546;52
1202;0.194928345300555;49
1203;0.256054907954279;32
1204;0.231251568563366;50
1205;0.430647955990717;52
1206;0.30844826229165;41
1207;0.376896609397642;53
1208;0.205128390318992;30
1209;0.311710742577001;56
1210;0.13797846976416;36
1211;0.22999755973169;51
1212;0.348045010343928;54
1213;0.467687204688758;37
1214;0.286168732621983;47
1215;0.502702548304742;36
1216;0.427245027299039;54
1217;0.129801856455871;38
1218;-0.0301173212468366;41
1219;0.216259017324993;48
1220;0.153138714090866;46
1221;0.322631843282303;50
1222;0.390940975485984;57
1223;0.541216659798335;33
1224;0.316537788643278;41
1225;0.439786488779351;38
1226;0.280538284303387;46
1227;0.355319706831873;47
1228;0.445576974600837;59
1229;0.808635284934079;34
1230;0.406564998106259;41
1231;0.365408743823351;50
1232;0.61349798811096;30
1233;0.207435453812891;55
1234;0.711511506374336;42
1235;0.298694419238494;38
1236;0.542216474103003;64
1237;0.383762770385015;34
1238;0.550893212336342;47
1239;0.406557173002379;38
1240;0.118593914346467;39
1241;0.137106015046905;51
1242;0.472793891460289;39
1243;0.451864068046766;39
1244;0.623265111384381;56
1245;0.373549398463045;37
1246;0.364874324520331;33
1247;0.289492143571152;37
1248;0.380258495509656;53
1249;0.396272569422266;43
1250;0.586717682482309;41
1251;0.64786241825953;37
1252;0.187398078600829;53
1253;0.427715109737973;45
1254;0.398868754475754;52
1255;0.618384770424764;31
1256;0.172679356284346;38
1257;0.298393208473104;41
1258;0.380889487984676;48
1259;0.382328722675678;36
1260;0.279656900441657;39
1261;0.313844902813777;46
1262;0.337909539009257;44
1263;0.34215763000606;41
1264;0.295780657438204;33
1265;0.581443526521531;50
1266;0.119697366778928;42
1267;-0.242963925535471;48
1268;0.368747396837581;29
1269;0.534239491283405;47
1270;0.255003467695551;32
1271;0.397522904263652;37
1272;0.388585504222136;47
1273;0.510745643532507;42
1274;0.629578031296847;33
1275;0.490645050479427;48
1276;0.271471455523515;38
1277;0.331000797181641;53
1278;0.485464646622147;30
1279;0.354978439583634;42
1280;0.372601696451717;41
1281;0.420781759136434;39
1282;0.377710730995618;40
1283;0.518378574794089;42
1284;0.255126178047413;26
1285;0.100469638211998;44
1286;0.177645045690317;47
1287;0.616119171435665;26
1288;0.559204181846122;45
1289;0.457109556790296;37
1290;0.229607711005467;44
1291;0.270916147298547;30
1292;0.280387622884209;50
1293;0.356688687522773;35
1294;0.238337940873034;27
1295;0.340261125455234;44
1296;-0.0596420426107058;32
1297;0.311870102152131;46
1298;0.249329999938229;38
1299;0.18941210058435;44
1300;0.296051207746995;28
1301;0.478363998531552;27
1302;0.0646105688448325;45
1303;0.291236637122606;41
1304;0.13801413985872;44
1305;0.485901952800908;30
1306;0.23518056814842;32
1307;0.623561994791239;45
1308;0.0908285854133169;38
1309;0.366752179959492;43
1310;0.281903076841776;45
1311;0.472423782158796;28
1312;0.155288052623982;45
1313;0.475789240127446;34
1314;0.279439732934352;43
1315;0.118152915456509;34
1316;0.036250051679825;34
1317;0.259538226491475;35
1318;0.358150683613632;42
1319;0.312713448894494;39
1320;0.134913281386199;32
1321;0.191489278676502;47
1322;0.34315180465277;33
1323;0.65291918619911;41
1324;0.283491982062254;39
1325;0.346080742104794;36
1326;0.711648929827101;28
1327;0.376691423916644;40
1328;0.485138891876342;31
1329;0.299638141450717;43
1330;0.0586647223153807;23
1331;0.396263098541302;62
1332;0.352661527558905;29
1333;0.284779575258764;34
1334;0.280934424747868;35
1335;-0.129344854542661;32
1336;0.317608598275531;34
1337;-0.0837750121199838;47
1338;0.323151636424735;40
1339;0.352752198916531;34
1340;-0.0287959930337011;45
1341;0.394085097651405;29
1342;0.395333047756849;50
1343;0.624923652677784;32
1344;0.482270584180049;31
1345;0.321294819768223;39
1346;0.489871055733163;40
1347;0.401878521843137;28
1348;0.459586039170871;49
1349;0.543538199238585;38
1350;-0.0122508204276144;28
1351;0.396513103348463;27
1352;0.235371644720101;48
1353;0.439331109410376;36
1354;0.137517340825556;37
1355;0.46654639907724;53
1356;0.363296758782909;35
1357;0.403253443374219;20
1358;0.146672894610548;33
1359;0.373159072474655;34
1360;0.472795615076109;34
1361;0.318961880295677;42
1362;0.152387440699008;33
1363;0.0672034238129895;27
1364;0.282710033531068;46
1365;0.356763799916006;34
1366;0.363019195753378;30
1367;-0.00136409319540071;25
1368;0.235611560811135;43
1369;0.251416998824689;36
1370;0.456110580686748;43
1371;0.23833228974123;28
1372;0.304583417579558;30
1373;0.416155735279043;39
1374;0.310643614491364;25
1375;0.155165958346637;34
1376;0.0777387501925794;30
1377;0.520730711102062;35
1378;0.396897729388561;32
1379;0.579831908399379;45
1380;0.234854721200588;28
1381;0.142316604056527;27
1382;0.382905605583306;37
1383;0.167782760305258;46
1384;0.245934722409161;30
1385;0.216352554547823;27
1386;0.443845430822506;22
1387;0.147847657350598;33
1388;0.50258898557476;46
1389;0.492735652320424;26
1390;0.454687337794684;28
1391;0.413363231413843;41
1392;0.43544020273881;29
1393;0.189946399053972;34
1394;0.173624621780333;33
1395;0.432928492610742;32
1396;0.426204951793555;34
1397;0.384683670313085;32
1398;0.611880486033812;24
1399;0.111601969021187;37
1400;0.325438997392875;30
1401;0.479347743793154;33
1402;0.0450398143183574;35
1403;0.299617295746616;28
1404;0.308599180455973;33
1405;0.549426917151828;29
1406;0.482112931482105;20
1407;0.523373880531891;47
1408;0.362762472240305;31
1409;0.471004519879314;26
1410;0.555826123158569;28
1411;0.441441725693696;41
1412;0.336993139386658;31
1413;0.262771023368937;18
1414;0.101432328815193;27
1415;0.464348520647806;36
1416;0.256658264890453;40
1417;0.51553012711497;36
1418;0.700239108219306;28
1419;0.668333588019865;19
1420;0.388797975283173;35
1421;0.380777057850509;39
1422;0.149599066177166;21
1423;0.277042218254866;25
1424;0.48643820956699;24
1425;0.538491793465937;37
1426;0.198057384938682;24
1427;0.341314813834395;33
1428;0.114935505487332;27
1429;0.235156322014858;30
1430;0.706467446914553;21
1431;0.107239177876956;35
1432;0.107184986878685;35
1433;0.170391650562375;19
1434;0.634224639787411;27
1435;-0.135958907772932;37
1436;-0.115390278659435;31
1437;0.534787852097772;19
1438;0.423992312046515;46
1439;0.294904414011397;25
1440;-0.011605133985357;23
1441;0.14544280042425;38
1442;0.230695332684135;34
1443;0.452270966301595;23
1444;0.0690383981164475;22
1445;0.507226511128408;27
1446;-0.101804406055363;29
1447;0.338550090601714;27
1448;0.0480142285701761;27
1449;0.193875492867863;28
1450;0.125795193203711;32
1451;0.204672581992401;28
1452;0.35396437150269;34
1453;0.228417591624659;34
1454;0.539156871308211;37
1455;0.3082055038536;25
1456;0.550305769465503;23
1457;0.407024449128863;25
1458;0.390379651323507;31
1459;0.356529228934548;25
1460;0.534786254654806;24
1461;0.345484211378989;42
1462;0.605278192453331;30
1463;0.491390731837496;19
1464;0.565552150332935;30
1465;0.326169318851305;31
1466;0.392824718985268;29
1467;0.377067497456621;32
1468;0.184135309668064;30
1469;0.310709273439707;21
1470;0.276772227591442;34
1471;0.438579990724917;35
1472;0.570192272071167;23
1473;0.251267031216224;31
1474;0.219591233322882;26
1475;-0.0367025312164937;15
1476;0.0741123172023438;44
1477;0.160035321618932;21
1478;0.181422684401046;35
1479;0.0859466696077705;24
1480;0.243453006625249;31
1481;0.349199383987037;22
1482;0.200950696634441;44
1483;0.327034197768311;17
1484;0.225613630061122;32
1485;0.0408833731699879;17
1486;0.406179461127947;29
1487;0.304965765281169;32
1488;0.575461146854532;30
1489;0.32381586647744;23
1490;0.320616828462214;29
1491;0.275302102185041;29
1492;0.0560868707125871;29
1493;0.0608148383176845;31
1494;0.0950097287757465;18
1495;0.301134834765314;34
1496;0.105005868208465;23
1497;0.156279868434851;26
1498;0.0999218422382791;43
1499;-0.345222521090973;19
1500;0.422411569069522;28
1501;0.365990882157736;32
1502;0.38976882403187;20
1503;0.35734841430078;24
1504;0.400620299822516;29
1505;0.486771939568083;30
1506;0.538219378593484;37
1507;0.0977695367011713;14
1508;0.473106728679225;38
1509;0.276275815237808;29
1510;0.422828532631508;28
1511;-0.0559071296111367;23
1512;0.229829210008667;29
1513;0.307133931459161;27
1514;0.178407573227525;22
1515;0.38529708636616;26
1516;0.410120574232742;32
1517;0.356471447719809;24
1518;0.283991387607139;24
1519;0.363823628932178;18
1520;0.472322172851402;33
1521;0.482204472863307;26
1522;0.102226454193809;34
1523;0.38172787005705;22
1524;0.315824147686161;32
1525;-0.227387592531759;25
1526;0.275901630296947;21
1527;0.0821488519519131;29
1528;0.620358065515892;30
1529;0.343413647398741;44
1530;0.363624390788337;20
1531;0.7111260972632;30
1532;0.454546220799187;22
1533;0.632588638415937;17
1534;0.318507097183426;29
1535;0.516322884990239;29
1536;0.10681671496878;20
1537;0.0212721795754115;29
1538;0.377716545317362;25
1539;0.220450024831387;17
1540;0.644706297394613;31
1541;0.281046939800207;24
1542;0.540191222114583;30
1543;0.277756971089272;32
1544;0.23976906916748;19
1545;0.444480201503971;25
1546;0.473667597772396;30
1547;0.384105713139616;34
1548;0.284205462979877;12
1549;0.43918392857543;32
1550;0.301820648455257;41
1551;0.674839378852841;18
1552;0.148684754833842;34
1553;0.181441089601462;18
1554;0.448684052150604;20
1555;0.441515471640675;26
1556;0.370349800333124;19
1557;0.432100529466917;33
1558;0.280411136591544;31
1559;0.194067436776747;23
1560;0.329853369447204;41
1561;0.410202388810545;15
1562;0.49481480442716;17
1563;0.261216674748076;18
1564;0.591785242590349;32
1565;0.0895919384669423;26
1566;0.175817987371642;23
1567;0.0148275896473109;21
1568;0.154053747410593;26
1569;0.192161040471783;31
1570;0.381566893068426;19
1571;0.461527439248389;21
1572;0.315017845125696;25
1573;0.257628777931975;31
1574;0.344852874073221;14
1575;0.163884602076141;43
1576;0.452105136189933;12
1577;0.237855037224759;23
1578;0.387275039523182;21
1579;0.544443947855834;27
1580;0.287944339744152;25
1581;0.142207128957981;17
1582;0.599543267508402;25
1583;0.331619462169449;33
1584;0.63258972706537;18
1585;0.577124781033831;21
1586;0.291381574100536;36
1587;0.587492465460679;19
1588;0.557346412937586;23
1589;0.329781630738702;28
1590;0.584669173714993;18
1591;0.291621803266102;21
1592;0.284988789372569;20
1593;0.157929915037898;42
1594;-0.186478225795335;16
1595;-0.0669031522582157;31
1596;0.298208801504163;12
1597;0.269943349668422;23
1598;0.432618005179639;30
1599;0.399305788823351;20
1600;0.123512270287298;24
1601;0.203498699329615;30
1602;0.245321113272157;20
1603;0.405040071371227;22
1604;0.529736423525618;15
1605;0.375664419379903;41
1606;0.604871599022413;18
1607;0.279718888188181;30
1608;-0.234851702206965;26
1609;-0.0905148245598319;11
1610;0.249141612216129;31
1611;0.222299033411274;18
1612;0.124865282916607;31
1613;0.50509850932324;26
1614;0.252213692407044;16
1615;0.504479525961577;29
1616;0.440454915469785;22
1617;0.328255555560079;24
1618;0.140612110433062;25
1619;0.284967194701112;17
1620;0.427147175605324;28
1621;0.179028765683623;21
1622;0.594841202783281;20
1623;0.583233517041889;26
1624;0.293390443447899;30
1625;0.182428013526102;32
1626;0.247167730590025;18
1627;0.0954216526810952;25
1628;0.255961313205531;18
1629;0.0923006554911834;29
1630;0.438005966074015;25
1631;0.0734419699738666;13
1632;0.158661488149118;35
1633;0.465575466773434;21
1634;0.520799360813831;40
1635;0.361547987044031;12
1636;0.412126340146568;24
1637;0.692232944266918;15
1638;0.131886232747915;27
1639;0.163499275412164;24
1640;0.519007912997332;24
1641;0.234004061804153;25
1642;0.280250085245107;19
1643;0.523233925874263;26
1644;0.0644912961115524;27
1645;-0.06370735873104;23
1646;0.502659775874048;24
1647;0.403243207612393;38
1648;0.796086698143661;15
1649;0.622340614823845;22
1650;-0.0252266166548757;28
1651;0.0775551916384368;25
1652;-0.0571189878237262;25
1653;0.0513208093980703;20
1654;0.182281940535306;21
1655;0.427295164089922;20
1656;0.320020386291774;29
1657;0.228167760919665;27
1658;0.374692246924418;20
1659;0.361318082952099;29
1660;0.510982420232425;19
1661;0.335420316403907;29
1662;0.640006441151928;21
1663;0.318194158383597;29
1664;0.179864086657759;25
1665;0.350563861154004;21
1666;-0.00888191192578244;22
1667;0.286145268647643;26
1668;0.37250424443567;12
1669;0.533436803040309;36
1670;0.456527572452758;17
1671;0.443305597043818;34
1672;-0.0748204008393157;11
1673;0.391140660044425;33
1674;0.509663740147652;15
1675;0.163582215592258;31
1676;0.297477218782781;21
1677;0.496449770182667;22
1678;-0.0562831196777637;28
1679;0.567493561520062;24
1680;0.392906870907816;19
1681;-0.198488398508716;25
1682;0.544321692800852;24
1683;0.363990388513031;20
1684;0.316119608920973;28
1685;0.337021445490537;21
1686;0.321484250526988;22
1687;0.395392574905186;25
1688;0.509226967130701;24
1689;0.5029326512084;22
1690;0.154110038975382;29
1691;0.509922974845989;19
1692;0.546151271066752;22
1693;-0.0499237525559014;22
1694;0.610051130206899;19
1695;0.387578283789523;30
1696;0.292784817433374;15
1697;0.33040873925889;27
1698;0.409727391743958;23
1699;-0.102264759796742;27
1700;0.741879170872365;21
1701;0.288376028664683;16
1702;0.10521669476358;36
1703;0.279727216121137;20
1704;0.174416638749914;20
1705;-0.000977351983779603;18
1706;0.400367749932994;27
1707;0.602123909009644;23
1708;0.498589478314849;19
1709;0.082399559264316;30
1710;0.37119864270907;25
1711;-0.116807463637836;21
1712;0.255297371471292;15
1713;0.386259623353724;24
1714;0.340366816716764;23
1715;0.0272975744871864;24
1716;-0.0792387360617224;27
1717;0.580021252711179;10
1718;0.313271916587387;28
1719;0.371263830471888;36
1720;0.415291799223732;26
1721;0.496874997896275;22
1722;0.433464273688033;19
1723;0.479182043877438;26
1724;0.0980321662949125;12
1725;0.437436092198978;22
1726;0.336289806504723;20
1727;0.120658521669767;37
1728;0.236218239078656;22
1729;0.327129296836773;19
1730;0.593898515873165;16
1731;0.289891605123091;22
1732;0.52873371837369;36
1733;-0.0381413498140582;20
1734;0.497957131445313;22
1735;0.0942671881939606;19
1736;0.336793884118845;20
1737;0.627570187220237;24
1738;0.0589271627943902;22
1739;0.423571192333923;38
1740;-0.0312749682390722;24
1741;0.568132109737873;20
1742;0.654179233330528;13
1743;0.211223866990226;30
1744;0.65789367827638;25
1745;0.883568507115118;14
1746;-0.2351491143615;27
1747;0.273029556723508;24
1748;0.26098637386971;13
1749;0.625312895590513;20
1750;0.281168924582465;40
1751;-0.214000361628195;15
1752;0.283088346963017;23
1753;0.255548617530034;24
1754;0.184357107486586;24
1755;0.201477642948443;18
1756;-0.0173999073300003;30
1757;0.383288524894867;18
1758;0.0759523603651534;30
1759;0.415348248389614;18
1760;0.127262903930015;22
1761;-0.0769526192038822;25
1762;0.478227661419604;28
1763;0.376842946627446;15
1764;0.0439227020842534;35
1765;-0.143727201520132;18
1766;0.578143400443511;23
1767;0.0931951380336407;18
1768;-0.0885887931817518;29
1769;0.0404023055971655;16
1770;0.36302186694433;23
1771;0.211029579987149;16
1772;0.236269966824661;25
1773;0.226080850604994;20
1774;-0.0661637538919658;24
1775;0.541967647662623;18
1776;0.261352172221064;28
1777;-0.229920784559543;21
1778;0.506975114775487;23
1779;0.304325547156426;23
1780;0.516087907423563;17
1781;0.424281488270737;30
1782;0.584020154795573;12
1783;0.59617571037965;19
1784;0.334924445645134;26
1785;-0.0155413808696749;23
1786;0.343203172113875;22
1787;0.2416984079118;20
1788;0.121333326646283;26
1789;0.235715985209787;19
1790;0.348387452906189;17
1791;0.398474581437562;18
1792;0.582232616234045;22
1793;0.421064542641587;16
1794;0.200415854903581;29
1795;0.110841748055805;24
1796;0.0538880113684894;16
1797;0.117730604353183;16
1798;0.318318055516287;25
1799;0.258442596068989;23
1800;0.19027356495629;29
1801;0.702543906351277;18
1802;0.660153157341155;14
1803;0.553606669978318;20
1804;0.767689584384425;18
1805;0.572816445568999;21
1806;0.386275351739025;24
1807;0.0952534567481232;23
1808;0.346671373740378;13
1809;0.432680799430679;28
1810;0.353532481976235;22
1811;0.37351104672778;18
1812;0.434703169752292;27
1813;0.400969213384308;14
1814;0.542885855249444;41
1815;0.639838138358998;11
1816;0.625156451008606;17
1817;0.157631883975355;21
1818;0.461546569583681;14
1819;0.38773684164053;27
1820;0.100705586316725;18
1821;0.666444828385903;18
1822;0.37858694972544;31
1823;0.34812018568148;17
1824;0.463567967359962;16
1825;0.51338944823557;21
1826;-0.017322065265093;23
1827;0.317907184506056;25
1828;0.0178834442224914;17
1829;0.377709368960469;16
1830;0.11194367286626;19
1831;0.212472927227406;18
1832;0.241550517196544;20
1833;0.425072658535933;17
1834;-0.295084083322447;14
1835;0.223733052334153;23
1836;0.131243613633672;25
1837;0.414641737930923;27
1838;0.483233823452472;14
1839;0.430440646255246;13
1840;0.0469714795760701;19
1841;0.563971371026301;20
1842;0.534259771178357;10
1843;0.249535734991322;19
1844;0.212382472628292;23
1845;0.447944055745788;23
1846;0.418261659330721;19
1847;0.339165009225017;17
1848;0.545345409904168;15
1849;0.463693632421784;11
1850;0.0843976602865433;20
1851;-0.178759823711114;20
1852;0.619106570198734;18
1853;0.294171053850888;15
1854;0.447158668424509;16
1855;0.557369786845742;26
1856;0.0542378467905905;15
1857;0.0229833613493144;10
1858;0.283303796010492;29
1859;0.277878160477935;13
1860;0.546954576637294;9
1861;0.290425156980626;16
1862;-0.0100740747778307;30
1863;0.451799499646713;18
1864;0.306132538574798;10
1865;0.580372393029398;25
1866;0.762304519838763;8
1867;0.150055922392104;17
1868;-0.16738742612319;15
1869;0.342194159251904;13
1870;-0.161669273140228;24
1871;0.614609061372553;18
1872;0.569267806641251;12
1873;0.650417053954917;17
1874;0.25399699666448;22
1875;0.374150749879748;16
1876;0.512525099628894;12
1877;0.108284345217028;16
1878;0.373683400768006;22
1879;0.646714615575838;17
1880;0.180498508470643;12
1881;0.204628111785281;19
1882;0.397903078251369;16
1883;0.123282282903051;14
1884;0.396564787508996;15
1885;0.165371016389127;20
1886;-0.104292359643854;11
1887;0.132571635559049;22
1888;0.173398229826969;11
1889;0.27943482054774;16
1890;0.363688738772791;19
1891;0.455567382814887;9
1892;0.0486494155255554;30
1893;-0.119746393004644;5
1894;0.631840931527927;21
1895;-0.759149030619225;13
1896;0.308515146824961;12
1897;-0.1813360646789;16
1898;0.671231283572976;11
1899;0.722675298521272;15
1900;0.492359166153081;22
1901;0.186815181283318;11
1902;0.23796334473225;14
1903;0.570948463080847;23
1904;0.331494474137387;14
1905;-0.00657964503673737;9
1906;0.255650439158906;15
1907;0.390892146739945;20
1908;0.44153075930846;12
1909;-0.00285738312987113;27
1910;-0.353667353310279;7
1911;0.13527145100761;14
1912;0.56834195592002;13
1913;-0.0265187855915703;11
1914;0.147108500507552;15
1915;0.238257773060385;13
1916;-0.190535547037911;15
1917;0.261538665238709;17
1918;0.316539098021463;18
1919;-0.409464475244769;12
1920;0.054912528257918;21
1921;0.290052841728406;10
1922;0.334537166339979;13
1923;0.416508238734319;19
1924;0.256507544312615;15
1925;0.362501145733864;18
1926;0.246816726923784;13
1927;0.329797115863839;14
1928;0.455537253982909;11
1929;0.159753453579564;15
1930;-0.00820318399032116;23
1931;0.259005073920026;16
1932;0.186285303673461;11
1933;0.61170500399078;16
1934;0.287101622449409;7
1935;0.202852437958596;10
1936;0.483011655192207;9
1937;0.44572022749256;15
1938;0.516918391814903;13
1939;0.228297847931006;19
1940;0.396615772916487;10
1941;-0.148056996495127;10
1942;0.204778078397737;9
1943;0.209408430897108;14
1944;0.319855275175723;17
1945;0.368504286150463;11
1946;0.132170880812045;27
1947;0.618279619783689;9
1948;-0.139431538707049;12
1949;0.427172475891983;12
1950;0.656700898517614;8
1951;0.449080857528248;19
1952;0.329495339193783;12
1953;0.783525301003415;14
1954;-0.308426282457683;16
1955;0.193409922569602;4
1956;0.253471155247593;15
1957;0.873528449185971;6
1958;0.15389147741128;17
1959;0.249377936095099;17
1960;-0.149947089195297;11
1961;0.631029076372106;16
1962;-0.0446682234640973;11
1963;0.271181260552989;12
1964;0.212235187665209;10
1965;0.345502400005554;15
1966;-0.0679572108785415;13
1967;-0.043507348487552;27
1968;0.545055350858996;8
1969;0.432473885578464;10
1970;-0.00240623222914139;13
1971;0.653350302242995;13
1972;0.131603573234865;8
1973;-0.016197458138679;17
1974;0.0424805177531061;13
1975;0.0310646341130136;9
1976;-0.406536395563664;8
1977;-0.0513163076570745;15
1978;0.273737651839498;17
1979;0.0508009332552375;15
1980;-0.526126957267394;5
1981;-0.0533010848691349;18
1982;0.569793151241962;9
1983;0.395900946602702;18
1984;0.501603016875978;8
1985;0.31398052501243;10
1986;0.171223873508184;18
1987;0.432518876636705;14
1988;0.427487905497389;17
1989;0.700925192442708;4
1990;0.23847563779746;17
1991;-0.330473620150235;12
1992;0.0788762194677638;13
1993;-0.344135804959448;13
1994;-0.010135838568724;13
1995;0.689471122618754;10
1996;0.169464468582093;11
1997;0.216321441949897;14
1998;0.488027582147101;14
1999;-0.117133876529092;16
2000;-0.150381991157922;11
2001;0.520124758039682;18
2002;0.125060738190274;18
2003;0.41593819500434;8
2004;-0.187127715758839;10
2005;-0.15032728400126;16
2006;0.0591255547307889;15
2007;-0.0686853806358197;5
2008;0.0149051089322249;15
2009;0.113213779196564;11
2010;0.568635742578369;18
2011;-0.0943309353512731;10
2012;0.504160074616548;10
2013;-0.224323691188569;25
2014;-0.00631442306979599;12
2015;0.432527558673799;4
2016;0.329112629395312;13
2017;0.364087183606023;26
2018;0.528499969532053;9
2019;0.732734281547582;14
2020;0.0954856951549425;16
2021;0.563539850821297;10
2022;0.405064456648277;7
2023;-0.21044703456904;9
2024;-0.567334156145561;20
2025;0.856015569558827;5
2026;0.0248422536694684;23
2027;-0.00358757600898138;10
2028;0.527645892126363;18
2029;0.640790226861842;9
2030;-0.228013453034938;13
2031;0.210060315848174;12
2032;-0.161779944459521;13
2033;0.370435495039348;8
2034;0.107321812881517;15
2035;-0.113967496815309;14
2036;-0.377039155396931;17
2037;0.7955344760902;3
2038;-0.0067642343226272;21
2039;0.082074975103295;6
2040;0.111096235770243;21
2041;-0.0960298150250545;9
2042;0.0488323792561813;20
2043;-0.104512045309808;8
2044;0.591803283534857;7
2045;0.539249371734737;15
2046;0.406110872002848;16
2047;-0.112979629832998;11
2048;0.523041097047309;12
2049;0.691288041073273;8
2050;0.702079162328466;15
2051;0.267039757775853;16
2052;0.606110095169657;10
2053;-0.0584185335693036;19
2054;0.432269271874456;10
2055;0.643714822699033;13
2056;0.0895790035771883;9
2057;0.0841841900283747;27
2058;-0.0779276060891356;20
2059;0.471198301594376;4
2060;-0.239680527308934;8
2061;-0.0208626859427211;13
2062;-0.0923280148174422;9
2063;0.044123794251619;14
2064;0.247755406065563;11
2065;0.137397953487412;21
2066;-0.649318250253913;7
2067;0.488656900552898;12
2068;-0.371370380894161;10
2069;-0.0702489347570462;15
2070;-0.228161041937964;17
2071;0.149880250346175;13
2072;-0.0557496013818524;13
2073;0.0405581379669465;15
2074;0.624569957199931;11
2075;-0.223477135454847;13
2076;-0.0455629628754367;13
2077;0.176740193223459;9
2078;0.390902406750593;11
2079;0.00156920866652142;28
2081;0.419788316699952;11
2082;0.543012344960222;14
2083;0.0462871646789577;17
2084;0.525549968274541;16
2085;0.0726399551907634;9
2086;0.433199718465267;11
2087;0.0862619090844876;12
2088;-0.147625002548636;14
2089;0.266101626554997;13
2090;0.0271686909950849;16
2091;0.208722419171118;15
2092;-0.572623662741289;10
2093;0.571419070154599;6
2094;-0.251023094831559;17
2095;0.349319774400557;21
2096;-0.469355446495694;9
2097;0.82418353611065;8
2098;-0.018584860676245;15
2099;-0.302769861432746;12
2100;0.0414076391200939;7
2101;0.492960335690056;22
2102;0.0660858561221387;17
2103;0.419206492670698;10
2104;-0.0357972373556507;12
2105;-0.105336777403076;12
2106;0.393244491550032;17
2107;-0.179018684472072;4
2108;-0.238159315836901;11
2109;0.0972269568061728;19
2110;0.254978066177648;22
2111;0.572245248182195;7
2112;0.712051047582568;8
2113;0.406275942705759;14
2114;-0.0536105564477468;16
2115;0.200250660878513;16
2116;0.457156142606556;16
2117;0.338523205294648;9
2118;0.189754116775557;11
2119;0.312722725859823;10
2120;0.0286766708344848;5
2121;0.427517354783054;20
2122;0.138888698630061;12
2123;0.45415735965602;12
2124;0.113747575203837;8
2125;0.471511585390158;15
2126;0.0206052032158983;11
2127;0.0640666623995701;18
2128;0.078389866413063;5
2129;0.0385788497543289;12
2130;0.051967803913844;8
2131;0.436784226031996;16
2132;0.5515832617675;18
2133;0.156128096698008;14
2134;-0.0806187962718434;11
2135;-0.559764590461168;6
2136;0.803913947818829;16
2137;0.408876686422891;13
2138;0.511498691199339;8
2139;0.378391058095397;10
2140;0.144005061006041;20
2141;0.496846316739915;9
2142;0.400127376331227;7
2143;0.00473602369727002;18
2144;0.60357592642139;6
2145;0.623009026399824;8
2146;0.282627800949348;13
2147;0.407614986686399;21
2148;0.00737557617385938;7
2149;0.385074729934307;19
2150;0.185574886556985;9
2151;0.092193943100039;13
2152;-0.0253014629203588;12
2154;-0.0958310003803179;20
2155;0.691948780533049;13
2156;-0.0233471022075603;9
2157;-0.170420712871251;3
2158;0.12085605607732;15
2159;0.27647590970546;13
2160;0.431395932926363;21
2161;0.0852426696908774;18
2162;-0.265078196852027;9
2163;0.881816157632593;10
2164;-0.794747934413479;5
2165;0.333528034505217;20
2166;0.796155883927624;6
2167;0.431148182059786;7
2168;-0.0226580895505823;16
2169;-0.252161885415318;7
2170;0.472638869465479;13
2171;0.693088378428088;11
2172;0.791999085371172;10
2173;0.376441830874328;17
2174;0.593582157018355;13
2175;0.376712093041494;12
2176;0.476187961041915;12
2177;0.256444681664567;15
2178;-0.115918306333672;8
2179;0.322559961099561;5
2180;0.335867139838698;25
2181;0.670776852752488;11
2182;-0.356031916515158;6
2183;0.0881150126625612;10
2184;-0.0470086180415708;21
2185;-0.177882930198097;6
2186;-0.398897544531402;7
2187;0.454627130857198;17
2188;0.0879222807828516;17
2189;0.583013666271554;5
2190;0.27304619383518;12
2191;-0.10075548734865;8
2192;-0.23003556235916;10
2193;-0.0489813387866495;15
2194;0.433864046687637;9
2195;0.00745641726987588;9
2196;-0.181523138164828;10
2197;-0.13647024813599;9
2198;0.24873405475661;17
2199;0.665486779646612;14
2200;1;2
2201;0.300603340543593;14
2202;0.437153346241529;11
2203;0.388685873956753;6
2204;0.632574755108803;18
2205;-0.5;3
2206;0.251620716221979;10
2207;0.159133759951373;18
2208;0.421911190720524;7
2209;-0.0530781115469311;13
2210;-0.56776120976255;11
2211;0.181505822416958;4
2212;-0.229604393826719;11
2213;0.269488313502963;5
2214;0.321125924439862;12
2215;0.00457762714292246;14
2216;0.36411397010501;10
2217;0.382507700082558;15
2218;-0.205960425014688;6
2219;0.259577506298429;12
2220;0.777434131639342;11
2221;0.374870014267377;7
2222;0.471612437427964;10
2223;0.035444264068962;11
2224;0.666984258061923;7
2225;0.406240711132301;8
2226;-0.0200417291791031;10
2227;0.38312598789923;10
2228;0.510849375232547;9
2229;-0.131101790412434;9
2230;0.134877875130963;12
2231;0.161178290145836;11
2232;0.187139967925954;15
2233;0.467661870703019;6
2234;0.133508677027849;13
2235;0.692176057488749;4
2236;-0.0190445349841002;14
2237;0.247237936725789;11
2238;0.583029494938742;12
2239;0.536394492254128;6
2240;0.431528860489215;14
2241;0.755880276999662;8
2242;0.900876207706482;7
2243;-0.141966809064223;9
2244;0.18267626733708;8
2245;0.564686538321353;14
2247;0.478690557729143;15
2248;0.0444783194392055;8
2249;-0.158228431110644;6
2250;-0.149124854239171;8
2251;0.188145060365484;8
2252;0.175462581178357;9
2253;0.18996049141025;8
2254;-0.577177957279967;10
2255;0.677422824796186;7
2256;-0.455427273620927;7
2257;0.00292485619920279;12
2258;1;3
2259;0.891219665310486;5
2260;0.149770469260924;18
2261;0.408248290463863;5
2263;0.813652507985412;5
2264;-0.171253738148758;7
2265;0.382826914317832;18
2266;0.948683298050514;6
2267;0.355438911059394;7
2268;-0.491538011424984;6
2269;1;3
2270;0.763380581260247;11
2271;0.380305618960958;7
2272;0.517402582739662;9
2273;0.166666666666667;5
2274;0.988907098977333;4
2275;0.725112415759837;8
2276;0.388781568519903;15
2277;0.870388279778489;4
2278;0.390864107135446;10
2280;0.674766507926981;3
2281;0.325197132753684;15
2282;0.317738865494834;10
2283;0;4
2284;0.999742020560033;3
2285;0.266198660873756;14
2286;-0.5;3
2288;0.300657375714929;12
2289;0.4;6
2290;0.761108062587994;11
2292;0.661244583852042;10
2293;-0.738316573549861;5
2294;0.36993209758527;4
2295;-0.319913538212195;11
2296;0.342984364448904;12
2297;0.514495755427527;5
2298;0.130922634195172;6
2300;0.515708158824355;8
2301;0.503070355396137;8
2302;0.433103583988031;6
2303;-0.0519095754110726;6
2304;-0.360305026551522;10
2305;0.494901719193814;8
2306;0.0898695388847834;9
2307;0.378484360687913;6
2308;1;2
2309;0.648491358329581;17
2311;0.222781016349834;8
2312;0.834917733503242;6
2313;0.966764621388272;3
2314;-0.538142023228465;7
2315;-0.43424020184189;9
2316;0.0777921739632073;12
2318;-0.24008107690337;10
2319;0.96426740366245;5
2320;0.0363897340466568;8
2321;-0.013375281584919;6
2322;-0.223590201100233;9
2323;0.5;3
2324;0.434245323127248;7
2325;0.0532276312042213;6
2326;0.221831166196151;9
2327;-0.0540836397413221;9
2328;-0.674405800974312;6
2329;0.321540510931275;9
2330;-0.199235762863058;5
2331;-0.347084632304203;5
2332;-0.348556099486081;11
2334;0.586424385756317;13
2336;-0.224136158809131;6
2337;-0.793570727655939;4
2338;0.816743164228481;8
2339;-0.470520081653849;9
2341;0.380822303802969;9
2342;0.496683924279142;6
2343;0.944911182523068;3
2344;0.227763467382249;13
2345;0.871363404143291;3
2346;0.678277712853326;9
2348;-0.489701956699836;9
2349;0.310133387456746;14
2352;-0.135592688827355;6
2354;0.0935227507314627;9
2355;-0.695651334174803;5
2356;0.870388279778489;4
2357;0.660379762393921;15
2359;0.730296743340221;4
2360;0.876726554706212;5
2361;0.00161999126677266;13
2362;0.269679944985297;6
2363;-0.51604684654214;5
2364;0.500617705011865;16
2367;0.317475498076086;10
2368;-0.23004663281662;6
2370;0.801783725737273;5
2371;-0.0893202318420764;10
2373;0.865461818429818;4
2374;0.287322199837735;8
2375;0.934437165924873;4
2376;0.666832058422629;6
2377;0.230763506470868;9
2379;0.766706264829461;12
2381;-0.555555555555556;4
2382;0.447213595499958;6
2383;0.5;3
2384;0.756176132166061;10
2385;0.0518475847365213;7
2387;0.142568384197479;14
2389;-0.338610950562952;6
2390;0.280975743474508;6
2391;1;4
2392;0.993136530443316;4
2393;0.232187863095784;10
2394;-0.113561351687704;9
2396;-0.212477868041392;11
2397;0.709294675288526;13
2401;0.670110977388433;12
2402;0.471552761674387;7
2404;0.630776283375011;10
2405;0.366670771365221;8
2406;-1;2
2407;-0.0597614304667197;9
2408;0.137652429899371;9
2409;0.317361711933616;8
2411;0.970725343394151;3
2413;0.71380708077332;6
2414;0.674965052674238;11
2416;-0.386352913289106;8
2418;0.212807093289985;11
2419;0.670753797916098;5
2420;0.581159367644952;7
2422;0.0912870929175277;7
2423;0;5
2424;0.857492925712544;6
2425;-0.480176489103974;10
2426;-0.0509647191437626;8
2427;0.806395891376929;7
2428;-0.5;3
2429;-0.388888888888889;5
2431;0.577350269189626;4
2432;0.52816430110102;9
2433;-0.383747572339122;11
2434;1;2
2435;0.67000844310677;4
2436;-0.0927937499212947;3
2437;-0.0470991661265479;8
2438;0.52704627669473;5
2439;0.657476465033369;17
2440;0.577350269189626;4
2442;0.688247201611685;4
2443;0.866025403784439;3
2444;0.36191231917718;7
2445;-0.522232967867094;4
2446;0.25333253709541;12
2447;1;2
2448;0.567534896415119;9
2450;0.391970730472194;7
2451;0.845154254728517;4
2452;-0.204124145231932;9
2453;0.0204157033632637;8
2454;0;3
2455;-0.71346199645963;7
2457;1;2
2458;0.153897053316257;10
2459;0.560112033611204;7
2460;-0.333333333333333;4
2461;0.901974781841136;4
2462;-0.191687161199868;15
2463;0.271832289359667;16
2465;-0.242535625036333;6
2468;0.752242015424447;8
2470;-0.333333333333333;4
2471;0.333333333333333;4
2472;-0.0841285839371591;9
2473;0.0688855803331767;7
2474;-0.203524466516718;5
2475;0.359787924069051;5
2476;0.533113989983183;6
2477;0.0919288487308005;15
2478;-0.380338067363359;6
2481;0.22321795327161;19
2483;0;4
2485;0.671033186446728;4
2486;0.27561243864308;12
2487;0.877058019307029;6
2489;-0.471404520791032;6
2490;-0.904534033733291;4
2491;0.651092559445645;7
2492;0.639155449238176;11
2493;0.925035453211789;5
2495;0.570574879137984;10
2496;0.415011432611083;9
2498;0.7;6
2499;0.578024550764127;7
2500;-1;3
2501;-0.481887113697807;4
2502;0.712915080419314;10
2503;0.724568837309472;7
2504;0.130930734141595;8
2505;0.866025403784439;3
2506;-1;3
2507;0.554316650964337;6
2508;0.676506234699316;14
2509;0.577350269189626;4
2510;-0.0281779241555159;9
2512;0.322182662214163;12
2513;0.612372435695795;7
2516;0.527270877628321;5
2517;1;2
2518;0.407293703808372;14
2519;0.511719168993079;7
2520;0.058925565098879;7
2521;0.577350269189626;4
2522;0.333333333333333;4
2523;-0.333333333333333;4
2524;0.761189992327609;4
2525;0.614249698595465;6
2526;0.529426114042255;9
2527;-1;2
2528;0.728089383609054;9
2529;0.679134934483735;8
2530;0.817555296817587;4
2531;0.428407913714333;10
2533;1;2
2534;0.264662374842759;5
2535;0.169488310867703;12
2536;0.970725343394151;3
2537;0.630837174266619;11
2538;0.277350098112615;3
2539;0.440225453162812;4
2540;0.919466255209057;9
2541;-0.202522563071835;8
2542;0.812546344120808;9
2544;0.398216086792002;8
2545;1;3
2546;-0.13454853043244;8
2547;0.942075213520777;3
2548;0.264648431525754;7
2549;-0.35077614166664;4
2550;0.225555914181496;18
2553;0.402749820075191;7
2554;1;2
2555;0.987687278917653;3
2556;0.650459934570914;13
2557;0.5;3
2558;0.755928946018454;3
2559;0.0253479117916319;9
2560;0.532216787215235;7
2561;-1;2
2562;0.22945937113778;7
2563;0.169931029378216;13
2565;-0.182352750289984;6
2566;0;6
2567;-0.0709715065699196;13
2570;0.752262076234988;5
2571;0.186113781595474;13
2572;-0.408248290463863;5
2573;0.24808270267911;6
2574;-0.5;3
2575;-0.503196190745371;6
2576;0.337925029828426;8
2577;0.845154254728517;4
2578;-0.866025403784439;3
2579;0.380596972040656;13
2581;0.310142684885873;16
2582;0.352337765289016;5
2584;0.870388279778489;4
2585;0.662266178532522;4
2586;1;2
2587;0.725836125416558;10
2589;0.405040790716529;7
2590;0.162105011943663;14
2592;1;3
2593;0.288720921687347;11
2594;0.377673533945603;7
2595;-0.276385399196283;7
2596;0.452267016866645;10
2598;-0.29277002188456;6
2599;-0.577350269189626;4
2601;0.5484921580529;14
2602;1;2
2603;-0.43124321343105;8
2606;0.255552417030052;8
2608;-0.0138279191229207;9
2609;0.27658238719545;4
2610;0.545413108732079;6
2611;-0.288694522256704;6
2612;0.57152303178678;6
2613;0.2689649446765;11
2615;0.5;3
2616;0.57967568559691;13
2617;0.473199761533601;13
2619;0.5;3
2620;0.408248290463863;5
2622;0.488290153982414;6
2624;-1;2
2625;0.771629848991713;9
2626;0.907959384500452;6
2627;0.533694086148676;4
2628;0.163229213194037;12
2629;0.5;6
2631;0.358028364863618;9
2633;-0.196116135138184;5
2634;0.286909520878502;7
2637;0.358368127398299;15
2638;0.707106781186547;6
2641;0.5;3
2642;0.634391535129469;12
2643;0.946729262406257;7
2644;0.559016994374947;5
2645;-0.25;6
2649;-0.547722557505166;7
2651;0.408248290463863;5
2652;0.722806322324201;9
2658;0.222948160685261;9
2659;0.80582296402538;6
2663;0.081664019030596;9
2666;-0.326464312549505;7
2667;-0.944911182523068;3
2668;-0.5;3
2669;0.377964473009227;8
2673;-0.577350269189626;4
2675;0.577350269189626;4
2678;0.531545162233223;8
2683;-0.127142466390375;8
2686;0.374878997125048;10
2693;0.333333333333333;4
2701;0.210042012604201;5
2704;0.488093530091976;7
2709;-0.542326144546641;6
2712;0.5;3
2714;-0.904534033733291;4
2716;0;6
2721;-0.5;3
2723;-0.87831006565368;4
2724;0.547722557505166;7
2732;-0.5;3
2734;0.848209254093946;4
2735;-0.866025403784439;3
2736;0.490990253030983;5
2738;0.547722557505166;6
2739;0.866025403784439;3
2741;-0.4;6
2743;0.342997170285018;6
2751;-0.175411603861406;6
2755;-0.342997170285018;6
2759;-0.2;6
2764;-0.192450089729875;4
2766;-0.333333333333333;4
2767;0.666666666666667;5
2769;0.564076074817766;6
2771;-1;3
2773;0.243264892759975;7
2774;0.166666666666667;5
2778;0.774554450858588;12
2785;0.417335516728964;7
2787;0.656532164298613;6
2791;0.58131835897618;6
2792;-0.327326835353989;5
2795;0.707106781186548;4
2797;0.612372435695795;5
2800;0;3
2802;-0.577350269189626;4
2804;0.564076074817766;6
2806;1;2
2807;0.5;3
2808;-0.577350269189626;4
2810;-0.223606797749979;9
2815;-0.508171383208464;5
2817;1;2
2818;0;4
2820;-0.522232967867094;4
2821;0.577350269189626;4
2824;0.5;3
2829;-0.790569415042095;5
2833;-0.372104203767625;6
2836;0.470812425164283;8
2838;-0.25;6
2840;0.666666666666667;5
2842;0.662266178532522;4
2843;-0.522232967867094;4
2845;0.577350269189626;4
2847;-0.0730689715458442;7
2851;-0.192450089729875;4
2853;0.182574185835055;8
2860;0.327326835353989;5
2862;-0.87831006565368;4
2863;0.5;3
2865;0.512398918085865;9
2871;0.577350269189626;4
2873;-0.5;3
2875;-0.21320071635561;6
2877;0.4;7
2879;0.816496580927726;4
2882;0.327326835353989;5
2884;1;2
2885;0.462667857603193;10
2893;-0.866025403784439;5
2899;1;2
2900;0.115807650172851;7
2902;0.277350098112615;3
2903;0.342997170285018;6
2907;0.62227296450179;7
2909;0.436435780471985;8
2913;0;4
2915;0.38514120925068;6
2916;-0.166666666666667;5
2919;0.774596669241483;4
2921;-0.333333333333333;4
2922;-1;3
2924;0.925820099772551;8
2925;0.583564275535774;11
2931;0.319398733581114;17
2937;-0.311085508419128;8
2939;0.561951486949016;6
2943;0.612372435695795;5
2947;0.0620173672946042;7
2952;0.333333333333333;4
2953;-0.522232967867094;4
2955;0.471404520791032;7
2956;0;5
2960;-0.469237132203465;10
2966;-0.0794214459055909;14
2972;0.693375245281536;3
2973;0.612372435695795;5
2976;0.577125845369611;7
2979;-0.0571744508155216;7
2982;-0.727606875108999;6
2985;0.78167676392406;6
2986;0.490098029409803;5
2989;0.88577952297474;6
2990;0.738548945875996;5
2994;0.426444612754941;12
2997;-0.301511344577764;4
3000;-0.5;3
3001;-0.0698430295769578;6
3003;-0.870388279778489;4
3006;-0.651934327566252;6
3007;1;2
3008;-0.5;3
3010;0.679251798003116;9
3014;0.634215844983528;8
3017;0.174077655955698;4
3018;-0.2;6
3023;0.664321766583995;10
3025;-0.320256307610174;7
3029;-0.522232967867094;4
3032;0.904534033733291;4
3034;0.866025403784439;3
3035;0.577350269189626;4
3036;0.490098029409803;5
3038;0.504118377314163;12
3045;0.944911182523068;3
3048;0.254823595718813;6
3049;-0.294174202707276;5
3053;0.517293526532657;7
3058;0.133630620956212;5
3062;1;2
3063;1;2
3064;1;3
3067;0.333333333333333;4
3070;0.962250448649376;4
3072;0.479744122290888;8
3073;0.388888888888889;5
3076;0.577350269189626;4
3078;0.447213595499958;6
3081;0.240562612162344;11
3085;1;2
3086;-0.369274472937998;6
3089;0.372677996249965;5
3098;-0.328721794902737;7
3100;0.441726104299386;6
3104;0.196116135138184;5
3108;0.0858470102097701;14
3115;-0.40961596025952;10
3120;0.333333333333333;4
3121;0.54232614454664;6
3127;0.447213595499958;6
3130;-0.192450089729875;4
3132;1;2
3133;0.388906674718285;11
3136;0.555555555555555;6
3139;-0.702260207406844;7
3145;-0.177493941200639;8
3146;0.188982236504614;3
3148;-0.201007563051842;5
3151;0.710046946804693;7
3154;0.577350269189626;4
3156;-1;3
3158;0.132453235706504;4
3159;-0.559016994374947;5
3162;-0.480384461415261;5
3169;0.866025403784439;3
3172;0.104828483672192;10
3180;1;2
3181;-0.154499921150593;7
3183;1;4
3186;0.49405068190786;5
3187;0.447213595499958;6
3190;-1.74465543292411e-20;9
3196;-0.0912870929175277;7
3199;-0.262612865719445;6
3201;-0.632455532033676;6
3205;0.301511344577764;4
3207;-1;2
3209;0;5
3211;0.509524665365068;7
3214;0.188982236504614;3
3215;0.0620173672946042;7
3217;-0.763762615825973;5
3220;0.0845701908708952;16
3224;0.910182054618206;5
3228;0.505255673741712;12
3231;0.5;3
3234;0.343511814452424;8
3236;-0.872871560943969;5
3238;0.666666666666667;5
3241;0.408248290463863;5
3244;0.462910049886276;6
3246;-0.522232967867094;4
3249;0.5;3
3250;0.5;6
3254;0.424234907522163;10
3257;-0.944911182523068;3
3258;-0.166666666666667;5
3263;-0.5;3
3266;-0.5;6
3268;0;5
3270;0.301511344577764;4
3272;0.907959384500452;6
3279;1;2
3280;0.781482446421888;7
3282;-1;2
3283;0.067420470741491;7
3285;0.912870929175277;5
3286;0;6
3291;-0.273454991262183;13
3299;0.361157559257308;5
3309;0.342997170285018;5
3318;0.177437058293444;4
3319;0.142857142857143;10
3324;-0.149071198499986;8
3330;0.449944822856084;7
3333;0.160056124838666;10
3336;0.130465614610688;7
3341;-0.307591814315125;8
3342;0.471404520791032;4
3347;0.503710376485043;8
3354;1;2
3355;-0.5;3
3358;-0.5;3
3368;0.5;3
3375;1;2
3376;0;6
3379;-0.707106781186547;6
3391;0.662541348868913;12
3399;-0.666666666666667;5
3402;-1;2
3403;-0.707106781186547;6
3406;0.349215147884789;6
3411;0.707106781186548;6
3415;0.185695338177052;6
3418;0.5;3
3425;1;2
3426;-1;3
3433;0.447213595499958;6
3436;-0.133630620956212;5
3440;-0.175411603861406;9
3453;0.471404520791032;7
3464;0;3
3479;0.333333333333333;4
3482;0.118678165819385;8
3486;-0.254823595718813;9
3499;-1;2
3500;-0.790569415042095;6
